area,district,info,price,title
58.46,东城,[东城]崇文门新景家园西区｜58.46㎡｜1室1厅1厨1卫｜南,98357,崇文门新景家园西区南1室
93.74,海淀,[海淀]上地枫润家园｜93.74㎡｜2室1厅1厨1卫｜南北,86409,新 不临街大两居 带电梯 满五年  保养好 位置安静
213.76,海淀,[海淀]西二旗领秀新硅谷｜213.76㎡｜4室2厅1厨3卫｜南北,69236,领秀新硅谷A区 中叠拼 带50平地下室 采光充足
179,海淀,[海淀]世纪城远大园四区｜179㎡｜4室2厅1厨2卫｜南西,86592,通透四居，双明卫，欢迎实地品鉴
297,海淀,[海淀]清河橡树湾｜297㎡｜5室2厅1厨3卫｜东南北,97643,橡树湾五期 正规五居室 高楼层 前后无遮挡，一梯一户
102,海淀,[海淀]西二旗怡美家园｜102㎡｜2室1厅1厨2卫｜南北,70588,靠谱双卫大两居 南北双通透户型 接受换房 随时看原房
129,海淀,[海淀]西二旗上第MOMA｜129㎡｜3室1厅1厨2卫｜西东,63565,带露台，做三居，自住已换房，价格空间大，满五年，不临街
139.32,海淀,[海淀]西二旗当代城市家园｜139.32㎡｜3室2厅1厨2卫｜南北,71777,南北通透，三面采光，主卧带明卫，一梯两户，餐客分离，落地窗
207,海淀,[海淀]世纪城鲁艺上河村｜207㎡｜3室2厅1厨2卫｜南北,106280,高层观景，视野开阔，交通便利，大面宽采光好
212,海淀,[海淀]世纪城远大园五区｜212㎡｜4室2厅1厨2卫｜南北,107547,！世纪城+远大园五区+大厅双卧南+中高层
95,昌平,[昌平]回龙观云趣园三区｜95㎡｜2室1厅1厨1卫｜南北,48421,回龙观云趣园三区南北2室
149.84,海淀,[海淀]上地上地佳园｜149.84㎡｜3室2厅1厨2卫｜西南北,90096,上地佳园不临街大三居 南北通透 餐客分离 有储藏间 有车库
223.43,朝阳,[朝阳]酒仙桥阳光上东｜223.43㎡｜3室2厅1厨3卫｜南北,76086,方街组团 3面采光 带明卫 2梯2户 正规3居室
292.93,顺义,[顺义]中央别墅区龙湾别墅｜292.93㎡｜4室2厅1厨3卫｜东西南北,52913,龙湾独栋别墅 功能分区 房本清晰 采光好 花园120平
115,丰台,[丰台]方庄首开璞瑅｜115㎡｜3室2厅1厨2卫｜南,100000,客厅 3卧室朝南，明厨明卫，客厅大，两梯三户，不临街人车分流
102.18,海淀,[海淀]安宁庄上林溪｜102.18㎡｜2室2厅1厨2卫｜南北,80250,三区电梯板楼，一梯两户，南北通透，全明格局，大门不对卫生间
104,海淀,[海淀]五棵松塞纳维拉永定华庭｜104㎡｜3室2厅1厨2卫｜南北,91346,2012年次新小区 欧式园林建筑风 位置安静宜居
69.38,海淀,[海淀]上地颐泉汇｜69.38㎡｜2室1厅1厨2卫｜南北,69184,北京颐泉汇 上下两层使用面积大 南北通透 装修保养好
597.4,顺义,[顺义]后沙峪中粮祥云国际生活区｜597.4㎡｜5室3厅1厨6卫｜东西南北,33478,装修很好 业主低价出售 6米挑空花园 南北通透 采光充足
139,东城,[东城]广渠门丽水湾畔家园｜139㎡｜3室1厅1厨2卫｜南北,80503,丽水湾畔+南北三居+东花市旁+商品社区人车分流+文汇
79.79,海淀,[海淀]五棵松塞纳维拉永定华庭｜79.79㎡｜2室1厅1厨1卫｜东北,82717,临五棵松，中高层观景两居室，2012年小区 内部人车分流
119,朝阳,[朝阳]望京望京花园东区｜119㎡｜3室2厅1厨2卫｜南西,70588,望京望京花园东区南西3室
164.21,海淀,[海淀]四季青玫瑰御园｜164.21㎡｜3室2厅1厨2卫｜南北,106570,玫瑰御园 南北三居室 明厨明卫 餐厨一体 客厅双卧朝南
222.38,海淀,[海淀]世纪城鲁艺上河村｜222.38㎡｜4室2厅1厨2卫｜南北,129508,鲁艺上河村+不临街+带花园+车位
140.32,通州,[通州]果园雅丽世居｜140.32㎡｜3室2厅1厨2卫｜西南北,41120,果园雅丽世居西南北3室
51.27,通州,[通州]果园雅丽世居｜51.27㎡｜1室1厅1厨1卫｜南,50711,果园雅丽世居南1室
133.97,海淀,[海淀]世纪城翠叠园｜133.97㎡｜3室2厅1厨2卫｜南北,123161,翠叠园，安静不临街，三卧朝南，高层观景，装修好，带车位
56.08,东城,[东城]崇文门崇文门东大街｜56.08㎡｜2室1厅1厨1卫｜南,99857,崇文门东大街全南向小两居室，中间楼层无遮挡，满五年在京一套房
107,海淀,[海淀]万柳阳春光华枫树园｜107㎡｜2室2厅1厨2卫｜东南,116822,明厨明卫 双卧室朝南 户型方正 观小区银杏大道 人文社区
143.6,海淀,[海淀]万柳万泉新新家园｜143.6㎡｜3室2厅1厨2卫｜南北,146239,位置安静 带有车位 家庭一套 保养不错 双入户
161.95,海淀,[海淀]清河橡树湾｜161.95㎡｜3室2厅1厨2卫｜南北,87557,橡树湾三区 中高楼层 开发商统一装修交房 南北通透 目前空置
159.2,海淀,[海淀]清河橡树湾｜159.2㎡｜3室2厅1厨2卫｜南北,92964,空置未住 高层北排不临街 开发商统一装修 满五年 保养好
108,海淀,[海淀]安宁庄上林溪｜108㎡｜2室2厅1厨2卫｜南北,75925,三区电梯板楼，一梯三户，中楼层，南北通透，全明格局双卫
141.65,海淀,[海淀]西二旗锦顺佳园｜141.65㎡｜3室2厅1厨2卫｜南北,79774,一层带40平花园 客厅 三卧室朝南 南北通透带双阳台
193.96,西城,[西城]陶然亭朱雀门｜193.96㎡｜3室2厅1厨2卫｜东南北,147453,朱雀门 高层观景 东南北 三面采光 附带阳光房 南向主卫
140.09,海淀,[海淀]上地颐泉汇｜140.09㎡｜3室2厅1厨2卫｜南北,74951,房本140.09套内260平 统一装修保养不错 观景楼层
151,海淀,[海淀]万柳光大花园｜151㎡｜3室2厅1厨2卫｜西南,104635,楼层适中+有玄关+拐角阳台四面采光+采光视野无遮挡
141.83,海淀,[海淀]西二旗当代城市家园｜141.83㎡｜3室2厅1厨2卫｜南北,65571,当代城市家园 南北通透大三居 中楼层 采光视野好
201.82,朝阳,[朝阳]奥林匹克公园澳林春天六期｜201.82㎡｜3室2厅1厨3卫｜南北,93152,6层板楼带电梯 装修保持好 釆光无遮挡 大尺寸落地窗阳台
152.8,朝阳,[朝阳]望京慧谷阳光｜152.8㎡｜3室2厅1厨2卫｜南北,81806,慧谷阳光 不临街三居室 前观水系后看花园， 南北通透大面宽
330,朝阳,[朝阳]朝青星河湾｜330㎡｜3室2厅1厨3卫｜南北,89363,星河湾三期 保养如新330平 主卧落地八角窗 纵观整个园区
118.45,朝阳,[朝阳]朝青润枫水尚｜118.45㎡｜2室2厅1厨2卫｜南北,80202,润枫水尚东区 南北通透 落地窗 二次装修 高层
201,海淀,[海淀]紫竹桥美林花园｜201㎡｜3室1厅1厨2卫｜南西,87064,西三环，美林花园，高层观景，南向三居，明厨明卫
184.98,朝阳,[朝阳]朝青润枫水尚｜184.98㎡｜3室2厅1厨2卫｜南北,74602,润枫水尚南北大3居 东区中间位置 装修好 正看小区花园
190.43,朝阳,[朝阳]望京东湖湾二期｜190.43㎡｜3室2厅1厨3卫｜南北,93997,东湖湾2期【临河三居】前后不临街/双卧客厅南/客餐厅分离通透
124.8,海淀,[海淀]世纪城晴雪园｜124.8㎡｜3室2厅1厨2卫｜南北,116185,明厨双明卫，双卧朝南，户型方正，临地铁、临金源
286.01,海淀,[海淀]万柳万泉新新家园｜286.01㎡｜5室2厅1厨3卫｜南北,122373,南北复式+客厅挑高6米+阁楼+车位+储物间+万泉新新家园
111.48,海淀,[海淀]田村大苑海淀名著｜111.48㎡｜3室2厅1厨2卫｜南北,94187,海淀名著 14年楼盘，双卧南，保养如新，人车分流 餐厨一体
137.76,大兴,[大兴]旧宫宣颐家园｜137.76㎡｜3室1厅1厨2卫｜南北,61628,宣颐家园  白楼墙院三居室  东边户  明厨明卫采光好
146.19,大兴,[大兴]亦庄大雄城市花园｜146.19㎡｜3室1厅1厨2卫｜南北,46514,大雄城市花园 三面采光 保养好 安静享受生活
106.52,朝阳,[朝阳]望京嘉美风尚中心｜106.52㎡｜2室2厅1厨1卫｜南北,74164,嘉美通透二居 07年社区 物业管理服务好  入者宁静出者繁荣
128.38,朝阳,[朝阳]朝青国美第一城｜128.38㎡｜3室2厅1厨2卫｜东西,55304,国美 东西向三居室 高层 观景房
130.4,昌平,[昌平]回龙观流星花园三区｜130.4㎡｜3室1厅1厨2卫｜南北,48236,中式装修 采光视野好 位置安静 不临街 带电梯 双卧朝南
69,丰台,[丰台]方庄紫芳园三区｜69㎡｜1室1厅1厨1卫｜北,72463,户型方正 安静 环境优美 楼层好 保养好 方庄站 配套齐
60,石景山,[石景山]鲁谷远洋山水南区｜60㎡｜1室1厅1厨1卫｜西,65000,远洋山水南区+不临街+户型方正+直观花园+鸟语花香
110.86,石景山,[石景山]鲁谷远洋山水南区｜110.86㎡｜2室1厅1厨1卫｜南北,65848,远洋南区，高层不临街，南北大两居，两梯四户，2008年社区
130.77,通州,[通州]九棵树K2玉兰湾｜130.77㎡｜3室2厅1厨2卫｜南北,67293,地暖房+九棵树+南北通透三居室+高楼层+前后花园+成熟商圈
313.56,朝阳,[朝阳]亚运村紫玉山庄｜313.56㎡｜6室2厅1厨5卫｜南北,79729,客厅挑高6米，实际可达450㎡，正南正北，带阳光房，带车库
91.41,朝阳,[朝阳]奥林匹克公园上林世家｜91.41㎡｜2室1厅1厨1卫｜南北,101739,上林世家+12年新社区+人车分流+南北通透+一梯一户
143.58,海淀,[海淀]西二旗怡美家园｜143.58㎡｜3室2厅1厨1卫｜南北,66861,二期直通地下车库，四居室，15年新装修，南北通透，可聊价格
98.19,朝阳,[朝阳]亚运村保利金泉广场｜98.19㎡｜2室2厅1卫｜东,80048,东向看花园，车位充足，带大阳台，光线好，居家装修
131.65,朝阳,[朝阳]亚运村九台2000家园｜131.65㎡｜3室1厅1厨2卫｜东北,63045,东向跃层观景大三居+明厨明卫+观景无挡+落地飘窗+双卫设计
126.15,海淀,[海淀]清河橡树湾｜126.15㎡｜3室2厅1厨2卫｜南北,91954,可改四居+可给换房期+不临街+10平花厅不算面积
89,朝阳,[朝阳]太阳宫太阳公元｜89㎡｜2室1厅1厨1卫｜南,130337,太阳公元南向两居，中高层，业主二次装修，有车位，位置安静
83.05,东城,[东城]东花市本家润园｜83.05㎡｜2室1厅1厨1卫｜北西,108368,高层西北2居 8平米通体阳台 独立客餐厅 视野好 采光充足
110,东城,[东城]东花市花市枣苑｜110㎡｜2室2厅1厨2卫｜东,99090,东南全明格局+双卫带明卫+自主设计装修+给换房时间
88.88,海淀,[海淀]北部新区保利西山林语｜88.88㎡｜2室1厅1厨1卫｜南北,59630,二期 直通车库 南北双通透 装修好  客厅带阳台 采光好
187.06,朝阳,[朝阳]亚运村华悦国际公寓｜187.06㎡｜3室2厅1厨2卫｜南北,84464,华悦国际后排高层观景三居室 前后不临街
156.02,朝阳,[朝阳]望京星源国际｜156.02㎡｜3室2厅1厨2卫｜南北,61530,南北通透 白家庄 地铁望京站 全屋新风系统 带车位 全天采光
163,朝阳,[朝阳]亚运村小营远洋万和城B区｜163㎡｜3室2厅1厨2卫｜西南北,91963,远洋万和城3居室，南北通透，前后对花园，有两个车位
153,西城,[西城]广安门丽水莲花2号院｜153㎡｜3室1厅1厨2卫｜东西南北,80392,丽水信保 南北三居 满五年 直观莲花河 152平米
109.73,西城,[西城]宣武门四合上院｜109.73㎡｜2室1厅1厨1卫｜东西,118290,四合上院，高层东西两居室，高楼层，采光好，视野好
127,海淀,[海淀]世纪城翠叠园｜127㎡｜2室2厅1厨2卫｜南北,114173,金源商圈 次顶层 南北双通透 园区人车分流 南向正观花园
309,朝阳,[朝阳]朝青星河湾｜309㎡｜3室2厅1厨3卫｜南北,79288,星河湾一期正对泳池户型 南北通透3居+独立书房
126.64,海淀,[海淀]上地上地佳园｜126.64㎡｜3室2厅1厨2卫｜南,91598,热乎房源 高楼层观景 不临街 三卧室朝南 满五年
144.42,东城,[东城]广渠门冠城名敦道B区｜144.42㎡｜2室2厅1厨1卫｜南北,100401,冠城名敦道、南北两居室、客厅主卧朝南、有50平花园
207.22,海淀,[海淀]世纪城垂虹园｜207.22㎡｜4室2厅1厨2卫｜南北,86864,高层+通透四居室+双储藏间+西南+采光好+金源地铁
171.98,大兴,[大兴]亦庄浉城百丽｜171.98㎡｜3室2厅1厨3卫｜南北,61053,浉城百丽，下叠户型方正，花园70平，纯毛坯，位置安静
208,海淀,[海淀]世纪城垂虹园｜208㎡｜4室2厅1厨2卫｜南,86538,垂虹园通透四居+客厅主卧朝东南+明厨明卫+餐客厅分离
165,海淀,[海淀]世纪城观山园｜165㎡｜3室2厅1厨2卫｜南北,112121,南北通透+双卧朝南+靠近10号线+花园社区
93.68,西城,[西城]陶然亭中信锦园｜93.68㎡｜2室2厅1厨1卫｜南北,152647,西城区 二环内 陶然亭 中信锦园 南北双通透 中层 满五年
145,海淀,[海淀]西二旗上第MOMA｜145㎡｜3室2厅1厨2卫｜南北,67586,恒温恒湿全人车分流科技住宅 15年新装保养好 清河高铁小米旁
87.67,朝阳,[朝阳]双井首城国际B区｜87.67㎡｜2室1厅1厨1卫｜南,93304,高层全南 纯板楼采光足 两梯四户安静 文明小区
147.02,大兴,[大兴]旧宫云龙家园｜147.02㎡｜3室2厅1厨2卫｜南北,40810,旧宫 云龙家园  正规四居室 电梯中楼层  不临街
152,西城,[西城]宣武门四合上院｜152㎡｜3室2厅1厨2卫｜南北,161184,四合上院南北三居室 新装齐全干净卫生 采光无遮挡
116.47,朝阳,[朝阳]望京金隅丽港城｜116.47㎡｜3室2厅1厨2卫｜南北,94444,一层带花园，三居，卧室客厅朝南，次卧室朝东
180.07,朝阳,[朝阳]亚运村小营远洋万和城A区｜180.07㎡｜4室2厅1厨3卫｜南北,99850,万和城高层正规四居室，全明格局，南北通透，装修保持好
165,海淀,[海淀]世纪城观山园｜165㎡｜3室2厅1厨2卫｜南北,112121,南北通透+双卧朝南+靠近10号线+花园社区
163.6,海淀,[海淀]世纪城垂虹园｜163.6㎡｜3室2厅1厨2卫｜南西,97799,世纪城 垂虹园 明厨明卫 三卧南 带储藏间
429.2,朝阳,[朝阳]亚运村小营亚运新新家园朗月园｜429.2㎡｜5室2厅1厨4卫｜南北,66402,亚运新新家园   紫玉山庄、鸿华高尔夫球场旁、环境好
146.48,大兴,[大兴]旧宫美利新世界｜146.48㎡｜3室2厅1厨2卫｜南北,37889,美利新世界  顶层带阁楼  四居室 业主自住  保养好
133,朝阳,[朝阳]望京上京新航线｜133㎡｜3室2厅1厨1卫｜南北,87218,上京302号楼 客厅180度圆弧窗 三卧分离 南北通透
77.33,朝阳,[朝阳]亚运村保利金泉广场｜77.33㎡｜1室1厅1厨1卫｜南,89227,保利金泉全南向一居室 户型方正  高层 带阳台
70.7,海淀,[海淀]马连洼菊花盛苑｜70.7㎡｜1室1厅1厨1卫｜南北,70579,低楼层，三面采光，南北通透，满五年，电梯房
93.74,海淀,[海淀]上地枫润家园｜93.74㎡｜2室1厅1厨1卫｜南北,86409,新 不临街大两居 带电梯 满五年  保养好 位置安静
89,朝阳,[朝阳]太阳宫太阳公元｜89㎡｜2室1厅1厨1卫｜南,130337,太阳公元南向两居，中高层，业主二次装修，有车位，位置安静
143,海淀,[海淀]田村兰德华庭｜143㎡｜3室2厅1厨2卫｜南北,74125,距离地铁近 南北通透三居室 交通便利视野好
110,东城,[东城]东花市花市枣苑｜110㎡｜2室2厅1厨2卫｜东,99090,东南全明格局+双卫带明卫+自主设计装修+给换房时间
175.39,朝阳,[朝阳]亚运村小营远洋万和城B区｜175.39㎡｜4室3厅1厨3卫｜南北,91168,远洋万和城 南北四居室 低楼层 采光无遮挡 前后观花园
132.4,朝阳,[朝阳]望京花家地西里三区｜132.4㎡｜3室2厅1厨2卫｜南北,54380,望京花家地西里 6层小板楼 南北3居 双卧客厅朝南
124,东城,[东城]东花市花市枣苑｜124㎡｜3室1厅1厨1卫｜东,95161,崇文花市枣苑！东南两居！有钥匙随时看！居住适宜！带很大阳台！
146.95,东城,[东城]广渠门水上华城｜146.95㎡｜3室2厅1厨2卫｜东南,106158,水上华城，高层，无遮挡，明厨明卫，三室朝南，带储物间
228,海淀,[海淀]公主坟颐源居｜228㎡｜6室3厅1厨2卫｜西南北,86842,复式六居+西南采光+卫浴全明+保养好+全景玉渊潭八一湖
119,东城,[东城]广渠门幸福家园1期｜119㎡｜3室2厅1厨2卫｜南北,115966,幸福家园！次顶层！无遮挡！全天采光！15年环保装修！价可聊
86.68,东城,[东城]广渠门幸福家园2期｜86.68㎡｜2室2厅1厨1卫｜北,83064,幸福家园 有钥匙+婚房装修+接受换房+人车分流+一居价格
167.29,东城,[东城]崇文门法华寺南里｜167.29㎡｜3室1厅1厨2卫｜南北,86675,崇文门 法华寺 南北通透大四居 带电梯 婚房装修 带车位
94.09,大兴,[大兴]亦庄林肯公园｜94.09㎡｜2室1厅1厨1卫｜南北,58986,林肯公园，住宅2居室，南北通透，位置安静无遮挡，低楼层观景
175.72,丰台,[丰台]岳各庄万科紫台｜175.72㎡｜3室2厅1厨2卫｜南北,77964,万科物业 万科紫台 南北通透三居 带保姆间
98,海淀,[海淀]五棵松紫金长安｜98㎡｜2室2厅1厨1卫｜东西,125510,通透两居室 育英 蓝色港湾 小区绿化好 中高层 带大阳台
296.56,海淀,[海淀]世纪城鲁艺上河村｜296.56㎡｜5室2厅1厨3卫｜南北,141623,鲁艺上河村 复式五居 6.2米挑空 位置好 园区环境好
99,西城,[西城]陶然亭中信锦园｜99㎡｜2室2厅1厨1卫｜南北,144444,菜市口 中信锦园 南北方正双线通透两居室 高层 满五年 便利
183.01,朝阳,[朝阳]三元桥UHN国际村｜183.01㎡｜3室2厅1厨2卫｜南,79230,全南复式三居 客厅面宽7.8米 可改四居 采光、观景、私密好
66.21,朝阳,[朝阳]双井富力城C区｜66.21㎡｜1室1厅1厨1卫｜北,103911,高楼层北向+正规一居室+观国贸+视野好+安静不临街
110.17,朝阳,[朝阳]红庙首创禧瑞都｜110.17㎡｜1室1厅1厨1卫｜东,88953,红庙首创禧瑞都东1室
115.73,朝阳,[朝阳]四惠金地名京｜115.73㎡｜2室2厅2卫｜东南,78458,四惠 金地名京 正规大两居 双卫设计 东南向 带洗衣大阳台
102.02,东城,[东城]东花市花市枣苑｜102.02㎡｜2室2厅1厨2卫｜西北,106351,明盘枣苑大两居，两室两厅，带独卫明厨，视野无遮挡，正对花园
289,海淀,[海淀]西北旺万科如园｜289㎡｜4室2厅2厨3卫｜南北,79584,万科如园观景房  一次未住  新风系统  南北双阳台
104,海淀,[海淀]五棵松塞纳维拉永定华庭｜104㎡｜3室2厅1厨2卫｜南北,91346,2012年次新小区 欧式园林建筑风 位置安静宜居
101.69,朝阳,[朝阳]西坝河火星园｜101.69㎡｜2室1厅1厨1卫｜南北,118005,南北2+1保持好+采光好安静+临太阳宫地铁
185,海淀,[海淀]清河橡树湾｜185㎡｜3室2厅1厨2卫｜南北,89189,橡树湾三居出售，面积185平米，南北向，位于16层
129,石景山,[石景山]鲁谷远洋山水北区｜129㎡｜3室2厅1厨2卫｜南北,75193,南北通透 近地铁 前后观花园 交通方便 中层采光好
188,朝阳,[朝阳]朝青润枫水尚｜188㎡｜3室2厅1厨2卫｜南北,78723,润枫水尚东区 高层南北大三居  性价比高
98.32,朝阳,[朝阳]亚运村保利金泉广场｜98.32㎡｜2室1厅1厨1卫｜西北,81366,保利金泉观景两居室 落地大阳台 保持好
93.37,通州,[通州]武夷花园京贸国际城西区｜93.37㎡｜2室1厅1厨1卫｜南西,57941,京贸国际城 西南两居 满五年 高层无遮挡 通州新城
93.08,通州,[通州]武夷花园京贸国际城西区｜93.08㎡｜2室1厅1厨1卫｜西南北,59088,京贸国际城 西南北两居 落地窗 带阳台 保持好 通州新城
371.55,朝阳,[朝阳]中央别墅区长岛澜桥｜371.55㎡｜5室2厅1厨5卫｜南北,72130,装修好，温馨，后边天然氧吧，安静舒适，小区环境好，随时看
273.99,顺义,[顺义]中央别墅区优山美地C区｜273.99㎡｜4室2厅1厨3卫｜南北,58396,优山美地 上悦 四卧南向 双露台 安静不临街
109.43,大兴,[大兴]旧宫德林园｜109.43㎡｜3室2厅1厨2卫｜东西,45599,德林园 全明三居室 商圈成熟 交通便利 旧宫地铁站一公里
306.46,朝阳,[朝阳]中央别墅区泰禾北京院子｜306.46㎡｜5室3厅1厨5卫｜南北,84839,北京院子 有电梯 有调整 增加使用空间  合院产品 上三下二
96.31,丰台,[丰台]成寿寺四方景园二区｜96.31㎡｜2室1厅1厨1卫｜南,55030,方庄带电梯南向大两居+高楼落地窗全天采光+婚房保养好+满五年
78.16,海淀,[海淀]马连洼天秀花园安和园｜78.16㎡｜2室1厅1厨1卫｜南北,79324,园区少见的低楼层小两居 南北通透 采光好 位置安静
125,海淀,[海淀]世纪城晴雪园｜125㎡｜3室2厅1厨2卫｜南北,111840,晴雪园板楼三居，园区正中间位置，明厨双明卫，双卧朝南，采光好
116.18,海淀,[海淀]西北旺百旺茉莉园｜116.18㎡｜2室2厅1厨2卫｜南北,72731,百旺茉莉园一期  全明户型两居室 高楼层 观景房
158,海淀,[海淀]五棵松紫金长安｜158㎡｜3室2厅1厨2卫｜南北,125316,高层，南北通透，前后落地窗，层高3米，餐客厅分离，餐厨一体
93.68,西城,[西城]陶然亭中信锦园｜93.68㎡｜2室2厅1厨1卫｜南北,149231,中信城 南北通透 户型方正 高层 采光好 保养好 无浪费面积
201.82,朝阳,[朝阳]奥林匹克公园澳林春天六期｜201.82㎡｜3室2厅1厨3卫｜南北,93152,6层板楼带电梯 装修保持好 釆光无遮挡 大尺寸落地窗阳台
67,朝阳,[朝阳]望京澳洲康都｜67㎡｜1室1厅1厨1卫｜南,67910,澳洲康都，南向开间，1.5居，独立阳光房，明厨，公园环绕
43.21,海淀,[海淀]安宁庄清上园｜43.21㎡｜1室1厨1卫｜东南,69428,落地窗、东南向的开间、采光很好、房子利用很好、保养好。
494.46,朝阳,[朝阳]百子湾富力十号｜494.46㎡｜6室2厅1厨3卫｜南北,95053,百子湾富力十号南北6室
222.49,朝阳,[朝阳]农展馆九号公寓｜222.49㎡｜3室2厅1厨2卫｜东北,53036,自住装修 温馨居家 正规三居 户型方正 不临街 总成本低
103.54,朝阳,[朝阳]三元桥UHN国际村｜103.54㎡｜2室1厅1厨2卫｜南,87888,二次装修！南向方正双卫格局，楼层采光好，临太阳宫
187.18,朝阳,[朝阳]华威桥山水文园西园｜187.18㎡｜3室2厅1厨2卫｜南北,88417,山水文园别墅区南北通透三居室，双卧朝南，可接受换房
94.07,东城,[东城]东花市花市枣苑｜94.07㎡｜2室1厅1厨1卫｜西北,99925,花市枣苑三期+户型方正+把边全凸+温泉入户
83.38,东城,[东城]崇文门新景家园东区｜83.38㎡｜2室1厅1厨1卫｜南北,102542,新景家园13号楼高层两居室，前后不临街，婚房装修，带储物间
125,通州,[通州]梨园园景西区｜125㎡｜3室2厅1厨2卫｜东南,44000,园景西区 大三居 高层视野无遮挡 采光好 业主直降50万！！
123.53,朝阳,[朝阳]朝阳公园棕榈泉国际公寓｜123.53㎡｜1室2厅1厨2卫｜南,97142,【棕榈泉】知名楼盘 物业服务好 南向一居 热门房源
98,西城,[西城]陶然亭中信锦园｜98㎡｜2室1厅1厨1卫｜东西,130612,东西两居，双线通透，全天采光，保养好，随时看
87.53,西城,[西城]陶然亭中信禧园｜87.53㎡｜2室1厅1厨1卫｜东,134810,正规两居室 方正户型 安静不临街
171.15,东城,[东城]崇文门新世界家园｜171.15㎡｜3室2厅1厨2卫｜南北,124452,新世界家园南北3居室，客厅主卧朝南，前后不临街，新怡家园南
276,朝阳,[朝阳]望京慧谷根园｜276㎡｜4室2厅1厨3卫｜南北,71376,望京大花园别墅 客厅挑高带地下 南花园带车库 阁楼通透带露台
89.95,丰台,[丰台]玉泉营万年花城三期｜89.95㎡｜2室1厅1厨1卫｜西北,66592,临地铁 临天坛 户型方正 全明格局 南三环 高层观景 才采光
102,朝阳,[朝阳]亚运村荣尊堡国际俱乐部公寓｜102㎡｜1室2厅1厨2卫｜东南,69607,奥森东侧荣尊堡国际公寓一居室 直观小区水系
48.44,丰台,[丰台]方庄GOGO新世代｜48.44㎡｜1室1厅1厨1卫｜东,65028,二环边蒲黄榆+04年社区+东向+保养好+楼下地铁
143,海淀,[海淀]田村兰德华庭｜143㎡｜3室2厅1厨2卫｜南北,74125,临地铁，南北通透，出行便利，采光视野无遮挡
110,东城,[东城]东花市花市枣苑｜110㎡｜2室2厅1厨2卫｜东,99090,东南全明格局+双卫带明卫+自主设计装修+给换房时间
394,朝阳,[朝阳]中央别墅区长岛澜桥｜394㎡｜7室3厅1厨5卫｜南北,62944,双拼，八角窗，一层两居，客厅挑空6.9米，堡垒户型
98.99,东城,[东城]东花市花市枣苑｜98.99㎡｜2室2厅1厨1卫｜西,103040,花市枣苑三期+温泉入户+封闭社区+高楼层采光视野好+户型方正
93.82,海淀,[海淀]北部新区尚峰尚水｜93.82㎡｜2室1厅1厨1卫｜西,54892,尚峰尚水 西向两居 中间楼层视野好 户型方正海淀温泉 有钥匙
176.81,朝阳,[朝阳]酒仙桥银河湾｜176.81㎡｜3室2厅1厨2卫｜西南,83705,银河湾西南3居，地暖房，中层，玉石装修，餐客厅分离
59.8,西城,[西城]六铺炕黄寺大街24号院｜59.8㎡｜2室1厅1卫｜南北,142140,六铺炕黄寺大街24号院南北2室
100.85,海淀,[海淀]马连洼荷塘月舍｜100.85㎡｜3室2厅1厨2卫｜南西,89043,三卧朝南、观山观景、肖家河新商业配套，16号线南大南路站
274,西城,[西城]陶然亭一瓶｜274㎡｜4室2厅1厨3卫｜南北,131386,陶然亭一瓶南北4室
348,朝阳,[朝阳]东大桥御金台｜348㎡｜3室2厅1厨4卫｜东,109195,【精选御金台 房源】 复式格局  保养好 （CBD）
207.3,朝阳,[朝阳]望京融科橄榄城二期｜207.3㎡｜4室2厅1厨4卫｜南北,91654,望京融科橄榄城、南北4.5居、三卧室客厅朝南、安静不临街
194.49,朝阳,[朝阳]亚运村小营康斯丹郡｜194.49㎡｜3室2厅1厨2卫｜南北,74502,客厅挑高4米  一层东边户， 明厨明卫  客厅双卧室朝南
120,丰台,[丰台]方庄方庄六号｜120㎡｜3室1厅1厨2卫｜东北,69083,方庄方庄六号东北3室
95.39,丰台,[丰台]岳各庄大成郡｜95.39㎡｜2室1厅1厨1卫｜东西,80721,大成郡 东西通透2居室 房子装修保护好 采光充足 位置好
140.68,朝阳,[朝阳]望京融科橄榄城二期｜140.68㎡｜3室2厅1厨2卫｜南北,120841,融科全明格局三居  不临街   满五年   一套房
130.6,朝阳,[朝阳]劲松华腾园｜130.6㎡｜3室2厅1厨2卫｜北,64318,东三环三居室，婚房装修，满五年，观国贸，不临街
99.3,海淀,[海淀]五棵松紫金长安｜99.3㎡｜2室2厅1厨1卫｜东西,128902,五棵松紫金长安东西2室
98,海淀,[海淀]五棵松紫金长安｜98㎡｜2室2厅1厨1卫｜东西,125510,通透两居室 育英 蓝色港湾 小区绿化好 中高层 带大阳台
149.28,朝阳,[朝阳]农展馆九号公寓｜149.28㎡｜2室1厅1厨2卫｜南北,82395,南北通透2居室，户型方正，正观下沉式罗马花园
151,朝阳,[朝阳]十里堡爱这城二期｜151㎡｜3室2厅1厨2卫｜南北,71523,板楼一梯两户 南北通透三居 客厅双卧朝南 双卧 保持好
107.81,朝阳,[朝阳]望京慧谷阳光｜107.81㎡｜2室2厅1厨2卫｜南北,85335,慧谷阳光 南北通透 户型方正 采光无遮挡 交通方便
81.17,东城,[东城]崇文门新景家园东区｜81.17㎡｜2室1厅1厨1卫｜东西,87470,婚房装修，采光视野好，新景家园东区东西2居室
90,西城,[西城]广安门丽水莲花2号院｜90㎡｜2室1厅1厨1卫｜西,92222,西二环 丽水莲花 两居室 保养好 采光好 户型方正
216.91,朝阳,[朝阳]东坝奥林匹克花园一期｜216.91㎡｜5室2厅1厨3卫｜南北,45180,奥林匹克花园 一期  南北通透顶层复式带阁楼  中间位置
90.53,海淀,[海淀]万柳阳春光华枫树园｜90.53㎡｜2室1厅1厨1卫｜东南,127029,万柳枫树园 中间楼层 主卧室落地窗
57.28,丰台,[丰台]方庄芳星园二区｜57.28㎡｜2室1厅1厨1卫｜南,70705,上18中，婚房装修，西南两居室，满五年，采光充足。
66.88,丰台,[丰台]方庄芳城园1区｜66.88㎡｜2室1厅1厨1卫｜东南,62799,东南两居室，采光不挡，居住舒适
96,西城,[西城]宣武门四合上院｜96㎡｜2室2厅1厨1卫｜南北,152083,四合上院高楼层2居，采光好视野好，临地铁
133,朝阳,[朝阳]望京上京新航线｜133㎡｜3室2厅1厨1卫｜南北,87218,上京302号楼 客厅180度圆弧窗 三卧分离 南北通透
132.82,海淀,[海淀]马连洼天秀花园安和园｜132.82㎡｜3室2厅1厨2卫｜南北,79054,安和园（电梯四层）客厅主卧南（满五年）客厅面宽4米（临4号线
118.22,朝阳,[朝阳]奥林匹克公园澳林春天三期｜118.22㎡｜2室2厅1厨2卫｜南北,84418,奥森公园边上，舒适型双卫大两居，格局方正，安静不临街
88.88,海淀,[海淀]北部新区保利西山林语｜88.88㎡｜2室1厅1厨1卫｜南北,56818,二期 直通车库 南北双通透 装修好  客厅带阳台 采光好
96.87,东城,[东城]东花市花市枣苑｜96.87㎡｜2室1厅1厨1卫｜西,94972,东花市花市枣苑西2室
139.46,朝阳,[朝阳]朝阳公园棕榈泉国际公寓｜139.46㎡｜2室2厅1厨2卫｜西南,95941,棕榈泉高层2居，安静不临街、采光好，全明格局！
157.68,东城,[东城]工体海晟名苑｜157.68㎡｜3室2厅1厨2卫｜南,125570,3卧+客厅朝南  采光无遮挡   动静分离
151.8,海淀,[海淀]世纪城远大园五区｜151.8㎡｜3室2厅1厨2卫｜西南,94202,高层通透三居室，两卧室南，双明卫，视野开阔，大面宽，带储物间
161.34,朝阳,[朝阳]望京宝星华庭｜161.34㎡｜3室2厅1厨2卫｜南北,76236,宝星华庭 南北通透三居室 装修保持好 动静分离
211.29,东城,[东城]崇文门新怡家园｜211.29㎡｜3室2厅1厨3卫｜南北,121633,客厅主卧朝南 四阳台设计 注重舒适度的户型
130,海淀,[海淀]世纪城远大园五区｜130㎡｜2室1厅1厨2卫｜西南,99615,远大园五区西南两居室 装修好正看花园大湖 采光好居住舒适
58,海淀,[海淀]西北旺冬晴园｜58㎡｜1室1厅1厨1卫｜南北,87586,新报 08年社区  中间层  落地窗  客厅主卧室朝南
115,朝阳,[朝阳]望京嘉润花园｜115㎡｜2室2厅1厨2卫｜西南,61565,嘉润南向 方正两居 后排楼 安静不临街 高层观景无遮挡
228,朝阳,[朝阳]望京国风上观｜228㎡｜4室2厅1厨2卫｜南北,78947,国风上观 230平南北四居 不临街 前后观水系花园
142,朝阳,[朝阳]望京朝庭公寓｜142㎡｜3室2厅1厨2卫｜东西,67605,全天采光 前后观花园 新装修 适合一家人居住！
56.22,通州,[通州]九棵树靓景明居｜56.22㎡｜1室1厅1厨1卫｜西北,51583,九棵树靓景明居西北1室
161,朝阳,[朝阳]亚运村荣尊堡国际俱乐部公寓｜161㎡｜3室2厅1厨2卫｜南西北,72049,亚运村荣尊堡 二期高层观景 全景奥森和紫玉山庄
240.83,海淀,[海淀]西二旗怡美家园｜240.83㎡｜5室3厅1厨3卫｜南北,58132,电梯复式，中式装修。客厅挑高
139.81,朝阳,[朝阳]望京融科橄榄城三期｜139.81㎡｜3室2厅1厨2卫｜南北,98705,融科  三期 10号楼  一层 花园 三居
116.4,东城,[东城]崇文门兴隆都市馨园｜116.4㎡｜3室2厅1厨2卫｜南北,77835,东城+东南北三居+主卧带明卫+得房91%+全天采光
156,海淀,[海淀]公主坟颐源居｜156㎡｜3室2厅1厨2卫｜南北,115384,公主坟颐源居南北3室
192.57,海淀,[海淀]西山西山美墅馆L区｜192.57㎡｜4室2厅1厨2卫｜南西北东,97626,城市别墅 全明格局 带院子 离高尔夫球场近 四环边
60.11,西城,[西城]广安门玺源台｜60.11㎡｜1室1厅1厨1卫｜东,102312,玺源台，西城广安门，压力小，适合大部分人群的舒适一居室。
97,朝阳,[朝阳]北苑华贸城｜97㎡｜2室1厅1厨1卫｜南,70103,朝阳北苑高层2居室。采光好
87.96,丰台,[丰台]玉泉营万年花城二期｜87.96㎡｜2室1厅1厨1卫｜南西,67758,西南向正规两居 采光充足无遮挡 装修好 格局好没有浪费面积
153.5,西城,[西城]宣武门富卓花园｜153.5㎡｜3室2厅1厨2卫｜南北,162866,富卓花园 园区正中间 次顶层 南北3居 宣武门 金 融街
98.08,朝阳,[朝阳]北苑华贸城｜98.08㎡｜3室1厅1厨1卫｜西南北,81566,高层观景，视野采光好，户型正，带飘窗，婚房装修，提包住
86.34,朝阳,[朝阳]朝青国美第一城｜86.34㎡｜2室2厅1厨1卫｜南西,67176,大悦城 青年路 六号线 位置好 观景房 采光好
137,朝阳,[朝阳]大望路乐成豪丽｜137㎡｜1室1厅1厨1卫｜南北,72992,乐成豪丽 南北一居室 客厅 朝南 卧室朝北 餐厅朝北 落地窗
62.16,海淀,[海淀]清河清缘里｜62.16㎡｜2室1厅1厨1卫｜东西,72393,清河东西两居+户型方正+满五年+视野开阔+位置安静+随时可看
128.53,大兴,[大兴]亦庄新康家园｜128.53㎡｜3室2厅1厨2卫｜南北,49638,亦庄新康 五星房源　新式三居室　使用面积１２０％
69.21,丰台,[丰台]方庄紫芳园三区｜69.21㎡｜1室1厅1厨1卫｜北,75133,满五年，采光好 中间层，一居 不临街 看花园，东南二环
105.34,朝阳,[朝阳]朝青润枫水尚｜105.34㎡｜2室2厅1厨2卫｜南北,81640,润枫水尚南北2居 业主已定房 高层观景 中间位置
139,海淀,[海淀]清河强佑清河新城｜139㎡｜3室2厅1厨2卫｜南北,70503,北五环上清桥旁  装修好 人车分流 环境优美 新社区
134,海淀,[海淀]西二旗上第MOMA｜134㎡｜2室2厅1厨2卫｜西北,63432,上第moma 高楼层大两居 户型方正 采光视野好
222,海淀,[海淀]世纪城翠叠园｜222㎡｜4室2厅1厨2卫｜南北,121621,300米无遮挡 正对27公顷公园 远眺西山秀色 四面采光通透
77.33,朝阳,[朝阳]亚运村保利金泉广场｜77.33㎡｜1室1厅1厨1卫｜南,89227,保利金泉全南向一居室 户型方正  高层 带阳台
116.61,东城,[东城]崇文门新景家园西区｜116.61㎡｜2室1厅1厨1卫｜东北,94331,80万婚装+全凸户型+带双阳台+人车分流+新世界地产开发
71.77,西城,[西城]广安门玺源台｜71.77㎡｜1室1厅1厨1卫｜西,95443,玺源台 71.77㎡ 一室 带燃气 业主自住
86.34,朝阳,[朝阳]朝青国美第一城｜86.34㎡｜2室2厅1厨1卫｜南西,67176,国美 西南两居室 视野好 中间楼层
101.54,丰台,[丰台]玉泉营万年花城二期｜101.54㎡｜2室2厅1厨1卫｜东北,63521,万年花城二期 临地铁 满五年 价格优惠 装修保持好
187.21,海淀,[海淀]万柳涧桥泊屋｜187.21㎡｜3室2厅1厨2卫｜南北,133539,次次顶层园区三居
128.13,海淀,[海淀]北部新区尚峰尚水｜128.13㎡｜3室2厅1厨1卫｜南北,61656,翡翠云图旁  南北通透三居室  尚峰尚水  带车位通车库
124,东城,[东城]东花市花市枣苑｜124㎡｜3室1厅1厨1卫｜东,95161,花市枣苑三居室 百万新装 已改地暖 满五费少
81,海淀,[海淀]西北旺冬晴园｜81㎡｜2室1厅1厨1卫｜南北,75061,主卧客厅朝南 落地窗 南北通透 2009社区
83.05,东城,[东城]东花市本家润园｜83.05㎡｜2室1厅1厨1卫｜西北,108368,崇文+东花市+本家润园大两居+采光视野好+封闭式管理
156.64,朝阳,[朝阳]朝青金隅凤麟洲｜156.64㎡｜3室2厅1厨2卫｜南北,74693,金隅凤麟洲 叠拼别墅洋房区 物业管理好 园洋房，错层设计
174.28,朝阳,[朝阳]望京东湖湾二期｜174.28㎡｜3室2厅1厨2卫｜南北,98691,开发商装修 客厅外凸三面采光阳台 全明卫格局 预留房屋
92.23,东城,[东城]东花市富贵园一区｜92.23㎡｜2室1厅1厨1卫｜南北,113845,广渠门+南北两居室+双卧室朝南+有钥匙+出行方便+配套齐全
94.22,海淀,[海淀]北部新区保利西山林语｜94.22㎡｜2室1厅1厨1卫｜南北,59435,南北通风两居室 博洛尼装修 没住过园区位置安静 不临街不把边
313.99,朝阳,[朝阳]朝阳公园国兴观湖国际｜313.99㎡｜4室2厅1厨3卫｜南北,95544,观湖二期南北四居室 不临街 三卧室朝南 动静分离
58.7,海淀,[海淀]马连洼马连洼梅园｜58.7㎡｜2室1厅1厨1卫｜南北,74275,南北通透 装修好 业主自住 临地铁交通便利 满五年公·房
244.15,朝阳,[朝阳]北苑润泽庄园｜244.15㎡｜4室2厅1厨3卫｜南北,79868,朝阳北苑润泽庄园别墅，楼间距150米，采光充足
99.35,朝阳,[朝阳]望京利泽西园｜99.35㎡｜2室2厅1厨1卫｜东,58379,利泽西园  东向两居 带有大阳台 双卧分离 户型方正
169,朝阳,[朝阳]望京宝星园｜169㎡｜4室2厅1厨2卫｜南北,63727,宝星园 南北通透四居室 全明格局 不临街 没有遮挡
131.92,海淀,[海淀]公主坟国悦府｜131.92㎡｜2室2厅1厨1卫｜西北,94754,2012年新社区 高楼层观景效果好 独梯刷卡入户 空中双花园
150.92,海淀,[海淀]西北旺西山公馆｜150.92㎡｜3室2厅1厨2卫｜南北,82825,户型方正 软件园内 交通方便 南北通透 采光无遮挡
147,朝阳,[朝阳]三元桥太阳星城金星园｜147㎡｜3室2厅1厨2卫｜西南,100680,太阳宫金星园三居室，西南朝向双阳台，观景人工湖，高层采光好
124.88,朝阳,[朝阳]北苑拂林园｜124.88㎡｜2室2厅1厨1卫｜南,65663,拂林园 板楼 安静不临街 户型好 采光好 楼层好
116.59,朝阳,[朝阳]三元桥UHN国际村｜116.59㎡｜2室2厅1厨2卫｜南,72905,太阳宫国际村，南向高层复式双卫2室，户型方正采光好
169,朝阳,[朝阳]望京国风上观｜169㎡｜3室2厅1厨2卫｜南北,76923,国风上观 观景三居 双卧南 采光无遮挡 视野开阔
98.99,海淀,[海淀]西三旗枫丹丽舍北区｜98.99㎡｜2室1厅1厨1卫｜南北,74755,枫丹丽舍四层两居+直观花园+南北通透带露台
139.98,石景山,[石景山]玉泉路玉泉新城｜139.98㎡｜3室2厅1厨2卫｜南北,76439,玉泉新城不临街大面宽3居室+临水系安静高层+明厨明卫
354.94,朝阳,[朝阳]奥林匹克公园紫御华府｜354.94㎡｜4室2厅1厨4卫｜南北,84493,紫御华府南北通透平层大四居，开发商装修，前后观景，方便参观！
110.82,昌平,[昌平]龙泽新龙城｜110.82㎡｜3室1厅1厨2卫｜南北,53780,新龙城A2户型三居室 双卧朝南 落地飘窗 采光充足 视野开阔
36.65,西城,[西城]广安门荣丰2008｜36.65㎡｜1室1卫｜西,96862,西二环 荣丰一期 西向开间 布局合理 独厨独卫 采光好
94.41,西城,[西城]广安门蝶翠华庭｜94.41㎡｜2室1厅1厨2卫｜东西南北,86325,西城区蝶翠华庭 双卫两居室 高得房率 小区安静 物业管理负责
104.48,朝阳,[朝阳]朝青润枫水尚｜104.48㎡｜2室2厅1厨2卫｜南北,78483,润枫水尚南北2居，装修好，不临街，观景房，双卫生间
70.28,朝阳,[朝阳]CBD蓝堡国际公寓｜70.28㎡｜1室1厅1厨1卫｜西,99601,（国贸 蓝堡）（方正一居）（高层楼 观花园）（方便看）
153.5,西城,[西城]宣武门富卓花园｜153.5㎡｜3室2厅1厨2卫｜南北,162866,富卓花园 园区正中间 次顶层 南北3居 宣武门 金 融街
91.82,朝阳,[朝阳]朝青珠江罗马嘉园｜91.82㎡｜2室2厅1厨1卫｜南北,76018,罗马西区南北两居，一梯四户，远观中国尊，出行便利
84.36,朝阳,[朝阳]四惠金地名京｜84.36㎡｜2室2厅1厨1卫｜南,80606,科技住宅金地名京 后排安静全南两居 二次装修 高层无噪音
266,东城,[东城]广渠门水上华城｜266㎡｜4室2厅1厨2卫｜南北,77067,东二环、板楼2梯2户、南北通透四居、对花园保养好、不临街
137,大兴,[大兴]旧宫宣颐家园｜137㎡｜3室2厅1厨2卫｜南北,48905,宣颐家园白楼3居室、40平米大客厅。正观小区花园
226.23,丰台,[丰台]方庄璞瑅公馆｜226.23㎡｜4室2厅1厨3卫｜南北,101666,方庄璞瑅公馆南北4室
197.84,海淀,[海淀]上地上地佳园｜197.84㎡｜4室2厅1厨2卫｜南北,90982,上地佳园平层四居室 270度采光 面宽大 视野好 观西山
158,海淀,[海淀]西北旺百旺茉莉园｜158㎡｜3室2厅1厨2卫｜南北,79746,两卧朝南 采光好 低楼层 有电梯 性价比高
140.57,海淀,[海淀]紫竹桥人济山庄一期｜140.57㎡｜3室2厅1厨1卫｜东北,101728,紫竹桥 人济山庄 东北向观湖三居室 紫竹院公园全景
128,昌平,[昌平]回龙观龙腾苑四区｜128㎡｜3室1厅1厨2卫｜南北,46171,龙腾苑四区128平一层带院三居两卫
173.28,朝阳,[朝阳]太阳宫冠城大通澜石｜173.28㎡｜3室2厅1厨2卫｜南北,144275,矮板楼 带车位带储物间  南北通透三居室  高层观景
141,朝阳,[朝阳]亚运村小营锦绣馨园｜141㎡｜3室1厅1厨2卫｜南北,62765,亚运村小营 锦绣馨园 南北三居 观小区花园 闹中取静 舒适
177.91,朝阳,[朝阳]四惠东恒时代二期｜177.91㎡｜4室2厅1厨2卫｜南北,83188,朝阳公园南 中国樽 东四环地铁1号线四惠站 东恒时代二期
89,海淀,[海淀]北部新区保利西山林语｜89㎡｜2室1厅1厨1卫｜南北,60674,次顶层两居室 采光视野好 南北通透 南北双阳台 婚房装修
93.11,通州,[通州]临河里华业东方玫瑰｜93.11㎡｜2室1厅1厨1卫｜南,52303,临河里站500米+交通便利+采光好观小区花园+配套齐全
102.82,海淀,[海淀]紫竹桥曙光花园望山园｜102.82㎡｜2室2厅1厨1卫｜西南北,92394,曙光花园望山园，水云天。高层大两居，人车分流保养新，安静位置
57.56,丰台,[丰台]方庄芳群园四区｜57.56㎡｜2室1厅1厨1卫｜南北,62369,全南向两居室，业主婚房装修保养好，户型方正没有浪费，带车位
175,朝阳,[朝阳]奥林匹克公园世茂奥临花园｜175㎡｜3室2厅1厨2卫｜南北,79428,世茂奥临花园3居1470万带飘窗
198.98,朝阳,[朝阳]东大桥金地国际花园｜198.98㎡｜3室2厅1厨2卫｜南北,105538,纯板楼小区、南北向3居、带储物间和衣帽间、购物便利
84.54,朝阳,[朝阳]望京国风北京｜84.54㎡｜1室1厅1厨1卫｜南,81618,国风北京 南向正规一居室 大阳台 落地窗
196.91,朝阳,[朝阳]望京国风上观｜196.91㎡｜4室2厅1厨2卫｜南北,76176,国风上观 12年新社区 东南北全明四居室 高层无遮挡
358.83,朝阳,[朝阳]中央别墅区长岛澜桥｜358.83㎡｜4室2厅1厨5卫｜南北,80260,双拼南花园，京西对面，上三下一
148.79,朝阳,[朝阳]华威桥美景东方｜148.79㎡｜3室2厅1厨2卫｜南北,70569,美景东方南北三居、板楼设计、户型合理、全部飘窗
121,大兴,[大兴]亦庄听涛雅苑｜121㎡｜3室2厅1厨2卫｜南北,51652,听涛雅苑南北三居室，楼层居中，电梯房，临地铁
101.98,大兴,[大兴]亦庄东晶国际｜101.98㎡｜2室1厅1厨1卫｜东西,44910,东晶国际东西向两居室 ，临地铁，楼层适中，采光好。
100,海淀,[海淀]清河清景园｜100㎡｜2室2厅1厨1卫｜南西北,65500,清景园南北通透两居，明厨明卫，客厅双窗，阳光充足，装修不错
133.97,海淀,[海淀]世纪城翠叠园｜133.97㎡｜3室2厅1厨2卫｜南北,123161,世纪城 带露台 高层 观景三卧朝南 前后左右不临街
128,昌平,[昌平]回龙观龙腾苑四区｜128㎡｜3室1厅1厨2卫｜南北,47656,龙腾苑四区128平一层带院三居两卫
76.82,朝阳,[朝阳]北苑上元君庭｜76.82㎡｜1室1厅1厨1卫｜南北,75501,上元君庭1居580万满五  带飘窗
164,朝阳,[朝阳]北苑拂林园｜164㎡｜3室2厅1厨2卫｜南西,67073,客厅＋两卧朝南，户型方正，客厅45平，6平落地阳台，光照充足
139.21,海淀,[海淀]万柳碧水云天｜139.21㎡｜3室2厅1厨2卫｜东南,137921,高楼层，三卧朝南三居，高楼层，采光充足，前后不临街
78.16,海淀,[海淀]马连洼天秀花园安和园｜78.16㎡｜2室1厅1厨1卫｜南北,79324,优选钥匙房（中间位置 2层 ）双卧南 通透 满五年 不临街
90.28,海淀,[海淀]田村雅世合金公寓｜90.28㎡｜2室1厅1厨1卫｜南北,90828,海淀 雅世合金 南北两居室 中间位置 科技住宅
95,朝阳,[朝阳]东坝首开常青藤一期｜95㎡｜3室1厅1厨1卫｜南北,65263,首开常青藤  南北通透平层三居 板楼电梯房 婚房深色装修
174.7,朝阳,[朝阳]望京嘉润花园｜174.7㎡｜4室2厅1厨2卫｜南西北东,53234,嘉润花园 新装修四居室  安静不临街  采光好 观小区花园！
383.25,朝阳,[朝阳]奥林匹克公园紫御华府｜383.25㎡｜4室2厅1厨4卫｜南北,82191,紫御华府南北通透四居室，小区中间位置，层高3.6米，宽敞大方
80,朝阳,[朝阳]望京望京花园西区｜80㎡｜2室2厅1厨2卫｜东,67500,高层东南两居室，带阳台双卫设计，接受换房价格还可以聊
133,通州,[通州]九棵树K2玉兰湾｜133㎡｜3室2厅1厨2卫｜南北,62781,通州新城功能区，玉兰湾，南北通透3室，134平，高层景观景
215,朝阳,[朝阳]望京融科橄榄城二期｜215㎡｜4室2厅1厨3卫｜南北,92093,融科橄榄城 二期  南北通透四居室 户型方正 有钥匙
113.9,朝阳,[朝阳]CBD阳光100国际公寓｜113.9㎡｜2室2厅1厨2卫｜西南,77260,满二年！ 高层西南向2+1户型 采光无遮挡
66.22,海淀,[海淀]安宁庄清上园｜66.22㎡｜2室1厅1厨1卫｜东北,85321,清上园，样板间装修，二期电梯板楼，户型方正
180.37,朝阳,[朝阳]大望路珠江帝景B区｜180.37㎡｜3室2厅1厨3卫｜南北,96468,珠江帝景 南北三居 双卧朝南 西式装修 保养好 中高层看花园
139.1,朝阳,[朝阳]望京金隅丽港城｜139.1㎡｜3室2厅1厨2卫｜南北,93457,望京金隅丽港城 1梯2户板楼 把边带明卫 双阳台 安静不临街
106,东城,[东城]广渠门水上华城｜106㎡｜2室1厅1厨1卫｜西,100754,水上华城正规两居+明厨双卫+好改三居+落地窗+居家住保养好
158.9,朝阳,[朝阳]太阳宫太阳公元｜158.9㎡｜3室2厅1厨2卫｜南北,135305,带阳台 南北高层3居室 两房朝阳面 位置视野好 房子保养好
100.13,石景山,[石景山]鲁谷远洋山水北区｜100.13㎡｜2室2厅1厨1卫｜西北,62718,一号线旁 明厨明卫两居 户型方正 保养好 交通便利 全天采光
65.97,朝阳,[朝阳]朝青青年汇佳园｜65.97㎡｜1室1厅1厨1卫｜东北,64423,户型方正 可塑性强 中高楼层 屋内宽敞明亮 满两年
431.76,朝阳,[朝阳]亚运村小营富成花园｜431.76㎡｜5室2厅1厨4卫｜南北,127385,北四环，独栋别墅，安静舒适，可翻建，亚运村东南角，带花园
73,东城,[东城]崇文门新景家园东区｜73㎡｜2室1厅1厨1卫｜南北,100000,新景家园采光时间长的两居室，南北通风好，安静不临街
86,海淀,[海淀]西二旗当代城市家园｜86㎡｜2室2厅1厨1卫｜南北,90697,板楼二层，主卧有阳台，落地窗，实木装修，南北通透
98.24,海淀,[海淀]清河清景园｜98.24㎡｜2室1厅1厨1卫｜南,66164,户型方正 装修好 近清河高铁站 安静不临街 配套齐全
100,丰台,[丰台]方庄芳城园1区｜100㎡｜3室1厅1厨1卫｜东南,56500,芳城园 东南三居室 高楼层 二环边 视野无遮挡
103.12,东城,[东城]东花市花市枣苑｜103.12㎡｜2室2厅2卫｜南,119278,8号楼，全朝南采光无遮挡，明厅，不临街，接受换房。
88.58,朝阳,[朝阳]百子湾金都杭城2期｜88.58㎡｜2室2厅1卫｜东南,76540,金都杭城，南向，看花园，婚房装修，从未租过，近
95.06,朝阳,[朝阳]望京方舟苑二期｜95.06㎡｜2室2厅1厨1卫｜南,73637,方舟苑2期高层正南两居室，位置安静不临街，视野开阔，采光充足
87.38,大兴,[大兴]旧宫富力盛悦居｜87.38㎡｜3室2厅1厨1卫｜南,66376,旧宫 富力盛悦居 全南3居室 采光好 挑高2.9米 视眼好
34.83,大兴,[大兴]旧宫宣颐家园｜34.83㎡｜2室1厅1厨1卫｜西,65460,旧宫 宣颐家园 小户型两居室  装修保养好  苏州园林建筑
62.51,西城,[西城]广安门玺源台｜62.51㎡｜1室1厅1厨1卫｜西,92785,玺源台 正规一居室 高楼层 视野开阔  交通便利
128.51,朝阳,[朝阳]农展馆清境明湖｜128.51㎡｜2室2厅1厨2卫｜东西,73924,朝阳公园旁花园洋房，一梯两户，东西通透双向观景两居带车位
139.51,朝阳,[朝阳]双井首城国际C区｜139.51㎡｜3室2厅1厨2卫｜南北,94616,2012年楼盘 板楼 户型方正 正观花园 对比乐成富力城
97.73,朝阳,[朝阳]望京融科橄榄城三期｜97.73㎡｜2室2厅1厨1卫｜南,99764,融科橄榄城 客厅双卧朝南 高层 视野好 装修好 户型方正
116,朝阳,[朝阳]亚运村卧龙小区｜116㎡｜3室2厅1厨2卫｜西南北,81896,奥森东 中高层 南北通透 全明格局 观景采光无遮挡 双地铁
89.41,朝阳,[朝阳]亚运村小营远洋万和城B区｜89.41㎡｜2室1厅1厨1卫｜南,111844,远洋万和城前后花园 全南向两两居 全明格局 观景效果好
89.35,丰台,[丰台]玉泉营万年花城二期｜89.35㎡｜2室1厅1厨1卫｜东南,72747,万年花城二期 东南 采光视野好 房子装修保持好
196.85,朝阳,[朝阳]亚运村小营世纪宝鼎｜196.85㎡｜3室2厅1厨2卫｜南,55880,亚运村 全南三居 供暖好  大阳台  舒适  安静 装修好
99,朝阳,[朝阳]百子湾百子湾家园B区｜99㎡｜2室1厅1厨1卫｜南北,51515,百子湾，南北二居室，次顶层，客厅面宽4米，可商本
200.9,朝阳,[朝阳]望京果岭里class｜200.9㎡｜4室2厅1厨3卫｜南北,102040,平层四居 三卧室和客厅朝南 全天采光 8成新
147.92,朝阳,[朝阳]望京融科橄榄城一期｜147.92㎡｜3室2厅1厨2卫｜南北,88899,望京融科橄榄城、南北3居、全明格局、高楼层、观花园
63.73,东城,[东城]广渠门冠城名敦道A区｜63.73㎡｜1室1厅1厨1卫｜西,74533,东城区+2008年楼盘+热盘+7号和17号地铁交汇点
107.02,东城,[东城]东花市东花市北里中区｜107.02㎡｜3室2厅1厨1卫｜南北,90637,南北三居室 客厅双卧朝南 户型方正无浪费 采光视野都很好
118,海淀,[海淀]西二旗当代城市家园｜118㎡｜3室2厅1厨2卫｜南北,77542,大面宽，板楼三居室，落地窗，主卧室带阳台，南北双通透
102,朝阳,[朝阳]南沙滩澳景花庭｜102㎡｜2室2厅1厨1卫｜东西南,79411,澳景花庭 少有的户型 三面采光 高层采光好 不临街 奥森
265.26,朝阳,[朝阳]望京金隅国际｜265.26㎡｜4室3厅1厨3卫｜南北,52778,金隅国际纯住宅，南北通透复式，客厅挑高6米，双卧朝南！
106,朝阳,[朝阳]望京望京新城｜106㎡｜2室2厅1厨1卫｜东南,64150,主卧朝南，次卧客厅朝东南，采光好，视野开阔无遮挡，通透性好
86.47,朝阳,[朝阳]望京方舟苑一期｜86.47㎡｜2室1厅1厨1卫｜东南,63027,方舟苑东南把角两居室，带大阳台，安静不临街，房子空置。
73.26,朝阳,[朝阳]亚运村大屯里小区｜73.26㎡｜3室2厅1厨1卫｜南北,85312,大屯里南北通透三居室 保持好 板楼 还是边户
376.4,朝阳,[朝阳]中央别墅区观唐｜376.4㎡｜4室2厅1厨5卫｜北南,78374,纯中式别墅，南花园200平，有车库，水系，近秋园
222.55,朝阳,[朝阳]华威桥山水文园中园｜222.55㎡｜4室2厅1厨3卫｜南北,91664,山水文园中园，客厅挑高4.8米，双主卧室朝南
83.8,朝阳,[朝阳]望京花家地西里二区｜83.8㎡｜2室2厅1厨1卫｜西南,65513,望京花家地西里，东南两居室，安静不临街，全天采光，视野无遮挡
288.68,朝阳,[朝阳]百子湾富力十号｜288.68㎡｜4室2厅1厨4卫｜南西北,135097,两梯一户 高层观景 西南北四居 私人管家 空置钥匙房
56,海淀,[海淀]北部新区保利西山林语｜56㎡｜1室1厅1厨1卫｜西,64285,西山林语 二期中间位置一居改二居 直通车库 业主已订房
278.96,朝阳,[朝阳]CBD温莎大道｜278.96㎡｜3室2厅1厨2卫｜南北,69902,南北通透三居，每平6.9万可售！70平米客厅，卧室带衣帽间
118.57,海淀,[海淀]马连洼七彩华园｜118.57㎡｜2室2厅1厨2卫｜南北,75567,直通地下车库 南北通透 带有电梯 一梯两户 落地飘窗
58.47,朝阳,[朝阳]朝青华纺易城｜58.47㎡｜1室1厅1厨1卫｜北,73541,华纺易城 北向一居室 高层落地窗 观景房
67,朝阳,[朝阳]望京澳洲康都｜67㎡｜1室1厅1厨1卫｜南,67910,澳洲康都，南向开间，1.5居，独立阳光房，明厨，公园环绕
85.6,朝阳,[朝阳]双井首城国际B区｜85.6㎡｜2室1厅1厨1卫｜东南,95794,已定房 一直自住 12年楼座 国贸一站地 10号双井站
55.84,东城,[东城]东花市富贵园二区｜55.84㎡｜1室1厅1厨1卫｜南,98495,全南一居 高层 观景房 满两年 给换房 婚房设计 不临街
118,海淀,[海淀]西二旗当代城市家园｜118㎡｜3室2厅1厨2卫｜南北,77542,大面宽，板楼三居室，落地窗，主卧室带阳台，南北双通透
102,朝阳,[朝阳]南沙滩澳景花庭｜102㎡｜2室2厅1厨1卫｜东西南,79411,澳景花庭 少有的户型 三面采光 高层采光好 不临街 奥森
265.26,朝阳,[朝阳]望京金隅国际｜265.26㎡｜4室3厅1厨3卫｜南北,52778,金隅国际纯住宅，南北通透复式，客厅挑高6米，双卧朝南！
106,朝阳,[朝阳]望京望京新城｜106㎡｜2室2厅1厨1卫｜东南,64150,主卧朝南，次卧客厅朝东南，采光好，视野开阔无遮挡，通透性好
86.47,朝阳,[朝阳]望京方舟苑一期｜86.47㎡｜2室1厅1厨1卫｜东南,63027,方舟苑东南把角两居室，带大阳台，安静不临街，房子空置。
73.26,朝阳,[朝阳]亚运村大屯里小区｜73.26㎡｜3室2厅1厨1卫｜南北,85312,大屯里南北通透三居室 保持好 板楼 还是边户
376.4,朝阳,[朝阳]中央别墅区观唐｜376.4㎡｜4室2厅1厨5卫｜北南,78374,纯中式别墅，南花园200平，有车库，水系，近秋园
222.55,朝阳,[朝阳]华威桥山水文园中园｜222.55㎡｜4室2厅1厨3卫｜南北,91664,山水文园中园，客厅挑高4.8米，双主卧室朝南
288.68,朝阳,[朝阳]百子湾富力十号｜288.68㎡｜4室2厅1厨4卫｜南西北,135097,两梯一户 高层观景 西南北四居 私人管家 空置钥匙房
92.74,朝阳,[朝阳]朝青国美第一城｜92.74㎡｜2室2厅1厨1卫｜西南,65775,国美3号院 户型方正 保持新 观景位置 距离地铁900米
113,海淀,[海淀]世纪城远大园六区｜113㎡｜2室2厅1厨1卫｜西南,95575,远大园六区 西南大两居 餐客一体  大面宽
148.79,朝阳,[朝阳]华威桥美景东方｜148.79㎡｜3室2厅1厨2卫｜南北,70569,美景东方南北三居、板楼设计、户型合理、全部飘窗
94.71,东城,[东城]崇文门兴隆都市馨园｜94.71㎡｜2室2厅1厨2卫｜南北,90697,有30平露台 一梯两户 利用率高 有挑高 出行便利 无遮挡
97.73,朝阳,[朝阳]望京融科橄榄城三期｜97.73㎡｜2室2厅1厨1卫｜南,99764,融科橄榄城 客厅双卧朝南 高层 视野好 装修好 户型方正
62.51,西城,[西城]广安门玺源台｜62.51㎡｜1室1厅1厨1卫｜西,92785,玺源台 正规一居室 高楼层 视野开阔  交通便利
196.85,朝阳,[朝阳]亚运村小营世纪宝鼎｜196.85㎡｜3室2厅1厨2卫｜南,55880,亚运村 全南三居 供暖好  大阳台  舒适  安静 装修好
91.12,朝阳,[朝阳]望京澳洲康都｜91.12㎡｜3室1厅1厨1卫｜西北,82309,康都西北向小三居 紧凑户型 视野无遮挡 落地窗 有玄关
66.43,大兴,[大兴]亦庄鹿鸣苑｜66.43㎡｜2室1厅1厨1卫｜西北,59912,鹿鸣苑 两居室 户型好 楼层好 小区环境好
122.83,丰台,[丰台]方庄紫芳园二区｜122.83㎡｜2室1厅1厨2卫｜南北,83041,2007年房+小高层板楼一梯2户+楼间距80米+厅，主卧朝南
93.93,西城,[西城]广安门丽水莲花2号院｜93.93㎡｜3室1厅1厨1卫｜西北,90492,丽水莲花社区  临花园 高层 双朝向
177.91,朝阳,[朝阳]四惠东恒时代二期｜177.91㎡｜4室2厅1厨2卫｜南北,83188,东恒时代南北四居室 带阳台采光好 观景房 后排安静不临街
134.89,海淀,[海淀]西三旗富力桃园C区｜134.89㎡｜3室1厅1厨2卫｜南北,69686,人车分流社区~楼座位置安静~南北通透户型~小区环境优美
132.99,朝阳,[朝阳]望京慧谷时空｜132.99㎡｜3室2厅1厨2卫｜西北,64666,望京慧谷时空 地暖落地窗 临14/15号线望京站 安静不临街
197.85,东城,[东城]广渠门水上华城｜197.85㎡｜3室2厅1厨2卫｜东南,96032,二卧室和客厅朝南，明厨明卫，前后对花园，接受换房，
96.91,通州,[通州]梨园园景东区｜96.91㎡｜3室1厅1厨1卫｜西南,44887,时尚街区南向小三居 户型格局好明厨明卫 楼层高视野好
173.28,朝阳,[朝阳]太阳宫冠城大通澜石｜173.28㎡｜3室2厅1厨2卫｜南北,144275,矮板楼 带车位带储物间  南北通透三居室  高层观景
57.56,丰台,[丰台]方庄芳群园四区｜57.56㎡｜2室1厅1厨1卫｜南北,62369,全南向两居室，业主婚房装修保养好，户型方正没有浪费，带车位
156,海淀,[海淀]公主坟颐源居｜156㎡｜3室2厅1厨2卫｜南北,115384,公主坟颐源居南北3室
90.65,海淀,[海淀]西三旗富力桃园C区｜90.65㎡｜2室1厅1厨1卫｜南,62879,西三旗富力桃园，中高楼层，保持好，位置安静，直观花园
171.02,西城,[西城]右安门内清芷园｜171.02㎡｜3室2厅1厨2卫｜南北,105250,客厅双卧朝南，短进深大面宽，双360度转角阳台，不临街观花园
113,朝阳,[朝阳]南沙滩名苑雅居｜113㎡｜3室2厅1厨2卫｜西南,77876,北沙滩，奥森公园边上，电梯电梯双卫三居室，三面朝南！
105.3,朝阳,[朝阳]亚运村小营世纪村东区｜105.3㎡｜3室1厅1厨1卫｜东南,61728,世纪村三居室+配套齐全+芳草地+正对紫薇花园
148.69,海淀,[海淀]万柳碧水云天｜148.69㎡｜3室2厅1厨2卫｜南北,147958,高层观景三居室，南北通透，短进深，采光无遮挡
203,朝阳,[朝阳]农展馆龙阁公寓｜203㎡｜4室2厅1厨2卫｜南北,78817,（南北通透）（带圆弧景观窗）（卧室朝南四居室）（观朝阳公园）
367.73,朝阳,[朝阳]亚运村小营亚运新新家园朗月园｜367.73㎡｜5室2厅1厨3卫｜南北,69344,亚运新新家园联排，367平，南边对花园，带露台，南北通透
120.69,海淀,[海淀]西山美丽园｜120.69㎡｜2室2厅1厨1卫｜南北,100256,板楼社区 南北向 南向60㎡花园 安静位置 周边配套齐全
177.91,朝阳,[朝阳]四惠东恒时代二期｜177.91㎡｜4室2厅1厨2卫｜南北,83188,东恒时代南北四居室 带阳台采光好 观景房 后排安静不临街
134.89,海淀,[海淀]西三旗富力桃园C区｜134.89㎡｜3室1厅1厨2卫｜南北,69686,人车分流社区~楼座位置安静~南北通透户型~小区环境优美
35.35,西城,[西城]广安门荣丰2008｜35.35㎡｜1室1厅1厨2卫｜南,127298,西城区荣丰2008 南向复式 采光充足 视野开阔无遮挡
132.99,朝阳,[朝阳]望京慧谷时空｜132.99㎡｜3室2厅1厨2卫｜西北,64666,望京慧谷时空 地暖落地窗 临14/15号线望京站 安静不临街
197.85,东城,[东城]广渠门水上华城｜197.85㎡｜3室2厅1厨2卫｜东南,96032,二卧室和客厅朝南，明厨明卫，前后对花园，接受换房，
96.91,通州,[通州]梨园园景东区｜96.91㎡｜3室1厅1厨1卫｜西南,44887,时尚街区南向小三居 户型格局好明厨明卫 楼层高视野好
146.44,朝阳,[朝阳]亚运村保利金泉广场｜146.44㎡｜3室2厅1厨2卫｜西南,99699,全南三居室！落地大飘窗！全景水系花园！居家装修！车位充足！
162.56,朝阳,[朝阳]双井富力城C区｜162.56㎡｜3室2厅1厨2卫｜南,99655,双井富力城 全南三居 采光佳 高楼层 视野好 国贸南
181,朝阳,[朝阳]CBD蓝堡国际公寓｜181㎡｜3室2厅2卫｜东西,86187,户型方正，采光面大，格局合理，动静分离。
168,海淀,[海淀]世纪城翠叠园｜168㎡｜3室2厅1厨2卫｜南北,104166,翠叠园南北三室+客厅双卧南+落地穿采光好+安静不临+临绿化带
125,海淀,[海淀]世纪城晴雪园｜125㎡｜3室2厅1厨2卫｜南北,111840,晴雪园板楼三居，园区正中间位置，明厨双明卫，双卧朝南，采光好
158,海淀,[海淀]五棵松紫金长安｜158㎡｜3室2厅1厨2卫｜南北,125316,高层，南北通透，前后落地窗，层高3米，餐客厅分离，餐厨一体
43.21,海淀,[海淀]安宁庄清上园｜43.21㎡｜1室1厨1卫｜东南,69428,落地窗、东南向的开间、采光很好、房子利用很好、保养好。
494.46,朝阳,[朝阳]百子湾富力十号｜494.46㎡｜6室2厅1厨3卫｜南北,95053,百子湾富力十号南北6室
93.77,朝阳,[朝阳]双井富力城C区｜93.77㎡｜2室2厅1厨2卫｜北,104511,樱花半岛 北向两居室 带双卫 适中楼层 三部电梯
113.56,朝阳,[朝阳]望京朝庭公寓｜113.56㎡｜2室2厅1厨2卫｜南北,72208,朝庭公寓高层2居，南北通透，视野采光好，保持好直接住！
266.01,东城,[东城]广渠门水上华城｜266.01㎡｜4室2厅1厨3卫｜南北,89470,水上华城+临公园+带车位+1梯1+南北大四居+不临街+无遮挡
64.99,朝阳,[朝阳]双井富力城A区｜64.99㎡｜1室1厅1厨1卫｜南,104939,富力城A区，南向一居室 ，一室一厅，无遮挡，采光充足
149.9,通州,[通州]临河里花涧溪｜149.9㎡｜4室2厅1厨2卫｜南北,48699,临河里花涧溪南北4室
60.11,西城,[西城]广安门玺源台｜60.11㎡｜1室1厅1厨1卫｜东,102312,玺源台二期 3号楼 业主自住 朝园区
170.8,朝阳,[朝阳]垡头北京华侨城｜170.8㎡｜3室2厅1厨2卫｜南北,70257,欢乐谷 华侨城 高层南北通透170.8平三居 保养好
164,朝阳,[朝阳]三元桥UHN国际村｜164㎡｜4室2厅1厨2卫｜南北,85365,三元桥UHN国际村南北4室
137,朝阳,[朝阳]十里堡爱这城三期｜137㎡｜3室2厅1厨2卫｜南北,65620,爱着城三期 南北通透三居室 高层观景 视野开阔 采光好
170,丰台,[丰台]青塔万科紫苑A区｜170㎡｜3室2厅1厨2卫｜南北,69411,万科楼盘和物业 通透三居 带保姆间 开发商装修 保持好
98.08,朝阳,[朝阳]北苑华贸城｜98.08㎡｜3室1厅1厨1卫｜西南北,81566,高层观景，视野采光好，户型正，带飘窗，婚房装修，提包住
137,朝阳,[朝阳]大望路乐成豪丽｜137㎡｜1室1厅1厨1卫｜南北,72992,乐成豪丽 南北一居室 客厅 朝南 卧室朝北 餐厅朝北 落地窗
162.56,朝阳,[朝阳]双井富力城C区｜162.56㎡｜3室2厅1厨2卫｜南,99655,双井富力城 全南三居 采光佳 高楼层 视野好 国贸南
181,朝阳,[朝阳]CBD蓝堡国际公寓｜181㎡｜3室2厅2卫｜东西,86187,户型方正，采光面大，格局合理，动静分离。
168,海淀,[海淀]世纪城翠叠园｜168㎡｜3室2厅1厨2卫｜南北,104166,翠叠园南北三室+客厅双卧南+落地穿采光好+安静不临+临绿化带
125,海淀,[海淀]世纪城晴雪园｜125㎡｜3室2厅1厨2卫｜南北,111840,晴雪园板楼三居，园区正中间位置，明厨双明卫，双卧朝南，采光好
158,海淀,[海淀]五棵松紫金长安｜158㎡｜3室2厅1厨2卫｜南北,125316,高层，南北通透，前后落地窗，层高3米，餐客厅分离，餐厨一体
43.21,海淀,[海淀]安宁庄清上园｜43.21㎡｜1室1厨1卫｜东南,69428,落地窗、东南向的开间、采光很好、房子利用很好、保养好。
494.46,朝阳,[朝阳]百子湾富力十号｜494.46㎡｜6室2厅1厨3卫｜南北,95053,百子湾富力十号南北6室
93.77,朝阳,[朝阳]双井富力城C区｜93.77㎡｜2室2厅1厨2卫｜北,104511,樱花半岛 北向两居室 带双卫 适中楼层 三部电梯
113.56,朝阳,[朝阳]望京朝庭公寓｜113.56㎡｜2室2厅1厨2卫｜南北,72208,朝庭公寓高层2居，南北通透，视野采光好，保持好直接住！
266.01,东城,[东城]广渠门水上华城｜266.01㎡｜4室2厅1厨3卫｜南北,89470,水上华城+临公园+带车位+1梯1+南北大四居+不临街+无遮挡
146.95,东城,[东城]广渠门水上华城｜146.95㎡｜3室2厅1厨2卫｜东南,106158,水上华城，高层，无遮挡，明厨明卫，三室朝南，带储物间
